Device_id,Model ID,Task ID,Stream ID,Op Name,OP Type,OP State,Task Type,Task Start Time(us),Task Duration(us),Task Wait Time(us),Block Num,Mix Block Num,HF32 Eligible,Input Shapes,Input Data Types,Input Formats,Output Shapes,Output Data Types,Output Formats,Context ID,aicore_time(us),aic_total_cycles,aic_mac_time(us),aic_mac_ratio,aic_scalar_time(us),aic_scalar_ratio,aic_mte1_time(us),aic_mte1_ratio,aic_mte2_time(us),aic_mte2_ratio,aic_fixpipe_time(us),aic_fixpipe_ratio,aic_icache_miss_rate,aiv_time(us),aiv_total_cycles,aiv_vec_time(us),aiv_vec_ratio,aiv_scalar_time(us),aiv_scalar_ratio,aiv_mte2_time(us),aiv_mte2_ratio,aiv_mte3_time(us),aiv_mte3_ratio,aiv_icache_miss_rate,cube_utilization(%)
0,4294967295,1,46,aclnnInplaceNormal_DSARandomNormal_DSARandomNormal,DSARandomNormal,dynamic,DSA_SQE,1781079606231776.102	,3170.580,0,0,0,NO,N/A,N/A,N/A,"""32,1,8192,128""",FLOAT,ND,N/A,N/A,N/A,N/A,N/A,N/A,N/A,N/A,N/A,N/A,N/A,N/A,N/A,N/A,N/A,N/A,N/A,N/A,N/A,N/A,N/A,N/A,N/A,N/A,N/A,N/A
0,4294967295,2,46,aclnnInplaceNormal_CastAiCore_Cast,Cast,dynamic,AI_VECTOR_CORE,1781079606234946.722	,105.924,0.170000,40,0,NO,"""32,1,8192,128""",FLOAT,ND,"""32,1,8192,128""",DT_BF16,ND,N/A,0.0,0,0.0,0.0,0.0,0.0,0.0,0.0,0.0,0.0,0.0,0.0,0.0,100.586,7242162,9.993,0.099,3.581,0.036,94.862,0.943,31.038,0.309,0.009,0.000
0,4294967295,4,46,aclnnInplaceNormal_DSARandomNormal_DSARandomNormal,DSARandomNormal,dynamic,DSA_SQE,1781079606235054.966	,3168.584,2.326000,0,0,NO,N/A,N/A,N/A,"""1,8192,32,128""",FLOAT,ND,N/A,N/A,N/A,N/A,N/A,N/A,N/A,N/A,N/A,N/A,N/A,N/A,N/A,N/A,N/A,N/A,N/A,N/A,N/A,N/A,N/A,N/A,N/A,N/A,N/A,N/A
0,4294967295,5,46,aclnnInplaceNormal_CastAiCore_Cast,Cast,dynamic,AI_VECTOR_CORE,1781079606238223.570	,164.204,0.000000,40,0,NO,"""1,8192,32,128""",FLOAT,ND,"""1,8192,32,128""",DT_BF16,ND,N/A,0.0,0,0.0,0.0,0.0,0.0,0.0,0.0,0.0,0.0,0.0,0.0,0.0,161.21,11607140,9.987,0.062,2.471,0.015,159.728,0.991,43.085,0.267,0.0,0.000
0,4294967295,7,46,aclnnInplaceNormal_DSARandomNormal_DSARandomNormal,DSARandomNormal,dynamic,DSA_SQE,1781079606238390.114	,3162.584,2.296000,0,0,NO,N/A,N/A,N/A,"""1,8192,32,128""",FLOAT,ND,N/A,N/A,N/A,N/A,N/A,N/A,N/A,N/A,N/A,N/A,N/A,N/A,N/A,N/A,N/A,N/A,N/A,N/A,N/A,N/A,N/A,N/A,N/A,N/A,N/A,N/A
0,4294967295,8,46,aclnnInplaceNormal_CastAiCore_Cast,Cast,dynamic,AI_VECTOR_CORE,1781079606241552.714	,150.364,0.166000,40,0,NO,"""1,8192,32,128""",FLOAT,ND,"""1,8192,32,128""",DT_BF16,ND,N/A,0.0,0,0.0,0.0,0.0,0.0,0.0,0.0,0.0,0.0,0.0,0.0,0.0,147.467,10617627,9.987,0.068,2.495,0.017,145.898,0.989,49.566,0.336,0.0,0.000
0,4294967295,10,46,aclnnInplaceNormal_DSARandomNormal_DSARandomNormal,DSARandomNormal,dynamic,DSA_SQE,1781079606241705.398	,3168.544,2.386000,0,0,NO,N/A,N/A,N/A,"""32,1,8192,128""",FLOAT,ND,N/A,N/A,N/A,N/A,N/A,N/A,N/A,N/A,N/A,N/A,N/A,N/A,N/A,N/A,N/A,N/A,N/A,N/A,N/A,N/A,N/A,N/A,N/A,N/A,N/A,N/A
0,4294967295,11,46,aclnnInplaceNormal_CastAiCore_Cast,Cast,dynamic,AI_VECTOR_CORE,1781079606244873.962	,171.244,0.000000,40,0,NO,"""32,1,8192,128""",FLOAT,ND,"""32,1,8192,128""",DT_BF16,ND,N/A,0.0,0,0.0,0.0,0.0,0.0,0.0,0.0,0.0,0.0,0.0,0.0,0.0,168.362,12122073,9.987,0.059,2.382,0.014,167.016,0.992,47.811,0.284,0.0,0.000
0,4294967295,13,46,aclnnInplaceNormal_DSARandomNormal_DSARandomNormal,DSARandomNormal,dynamic,DSA_SQE,1781079606245047.526	,3162.624,2.256000,0,0,NO,N/A,N/A,N/A,"""1,8192,32,128""",FLOAT,ND,N/A,N/A,N/A,N/A,N/A,N/A,N/A,N/A,N/A,N/A,N/A,N/A,N/A,N/A,N/A,N/A,N/A,N/A,N/A,N/A,N/A,N/A,N/A,N/A,N/A,N/A
0,4294967295,15,46,aclnnInplaceNormal_DSARandomNormal_DSARandomNormal,DSARandomNormal,dynamic,DSA_SQE,1781079606248212.490	,25.880,2.376000,0,0,NO,N/A,N/A,N/A,"""32,1,8192""",FLOAT,ND,N/A,N/A,N/A,N/A,N/A,N/A,N/A,N/A,N/A,N/A,N/A,N/A,N/A,N/A,N/A,N/A,N/A,N/A,N/A,N/A,N/A,N/A,N/A,N/A,N/A,N/A
0,4294967295,17,46,aclnnInplaceNormal_DSARandomNormal_DSARandomNormal,DSARandomNormal,dynamic,DSA_SQE,1781079606248240.710	,1585.752,2.370000,0,0,NO,N/A,N/A,N/A,"""32,1,8192,64""",FLOAT,ND,N/A,N/A,N/A,N/A,N/A,N/A,N/A,N/A,N/A,N/A,N/A,N/A,N/A,N/A,N/A,N/A,N/A,N/A,N/A,N/A,N/A,N/A,N/A,N/A,N/A,N/A
0,4294967295,18,46,aclnnInplaceNormal_CastAiCore_Cast,Cast,dynamic,AI_VECTOR_CORE,1781079606249826.482	,47.280,0.000000,40,0,NO,"""32,1,8192,64""",FLOAT,ND,"""32,1,8192,64""",DT_BF16,ND,N/A,0.0,0,0.0,0.0,0.0,0.0,0.0,0.0,0.0,0.0,0.0,0.0,0.0,44.61,3211935,5.014,0.112,1.577,0.035,43.409,0.973,14.234,0.319,0.0,0.000
0,4294967295,20,46,aclnnInplaceNormal_DSARandomNormal_DSARandomNormal,DSARandomNormal,dynamic,DSA_SQE,1781079606249876.102	,6341.168,2.220000,0,0,NO,N/A,N/A,N/A,"""1,128,32,128,128""",FLOAT,ND,N/A,N/A,N/A,N/A,N/A,N/A,N/A,N/A,N/A,N/A,N/A,N/A,N/A,N/A,N/A,N/A,N/A,N/A,N/A,N/A,N/A,N/A,N/A,N/A,N/A,N/A
0,4294967295,21,46,aclnnInplaceNormal_CastAiCore_Cast,Cast,dynamic,AI_VECTOR_CORE,1781079606256217.310	,368.708,0.082000,40,0,NO,"""1,128,32,128,128""",FLOAT,ND,"""1,128,32,128,128""",DT_BF16,ND,N/A,0.0,0,0.0,0.0,0.0,0.0,0.0,0.0,0.0,0.0,0.0,0.0,0.0,365.9,26344831,19.94,0.054,4.297,0.012,364.176,0.995,147.331,0.403,0.0,0.000
0,4294967295,23,46,aclnnInplaceNormal_DSARandomNormal_DSARandomNormal,DSARandomNormal,dynamic,DSA_SQE,1781079606256588.358	,3160.120,2.292000,0,0,NO,N/A,N/A,N/A,"""32,1,8192,128""",FLOAT,ND,N/A,N/A,N/A,N/A,N/A,N/A,N/A,N/A,N/A,N/A,N/A,N/A,N/A,N/A,N/A,N/A,N/A,N/A,N/A,N/A,N/A,N/A,N/A,N/A,N/A,N/A
0,4294967295,24,46,aclnnInplaceNormal_CastAiCore_Cast,Cast,dynamic,AI_VECTOR_CORE,1781079606259748.518	,162.044,0.130000,40,0,NO,"""32,1,8192,128""",FLOAT,ND,"""32,1,8192,128""",DT_BF16,ND,N/A,0.0,0,0.0,0.0,0.0,0.0,0.0,0.0,0.0,0.0,0.0,0.0,0.0,158.835,11436110,9.987,0.063,2.603,0.016,157.14,0.989,49.917,0.314,0.0,0.000
0,4294967295,26,46,aclnnInplaceNormal_DSARandomNormal_DSARandomNormal,DSARandomNormal,dynamic,DSA_SQE,1781079606259912.902	,6336.288,2.456000,0,0,NO,N/A,N/A,N/A,"""1,128,32,128,128""",FLOAT,ND,N/A,N/A,N/A,N/A,N/A,N/A,N/A,N/A,N/A,N/A,N/A,N/A,N/A,N/A,N/A,N/A,N/A,N/A,N/A,N/A,N/A,N/A,N/A,N/A,N/A,N/A
0,4294967295,27,46,aclnnInplaceNormal_CastAiCore_Cast,Cast,dynamic,AI_VECTOR_CORE,1781079606266249.210	,334.728,0.000000,40,0,NO,"""1,128,32,128,128""",FLOAT,ND,"""1,128,32,128,128""",DT_BF16,ND,N/A,0.0,0,0.0,0.0,0.0,0.0,0.0,0.0,0.0,0.0,0.0,0.0,0.0,329.986,23758988,19.94,0.06,4.229,0.013,328.363,0.995,85.619,0.259,0.0,0.000
0,4294967295,28,46,aclnnInplaceZero_ZerosLikeAiCore_ZerosLike,ZerosLike,dynamic,AI_VECTOR_CORE,1781079606266583.954	,43.584,0.022000,40,0,NO,"""1,8192,32,128""",FLOAT,NCHW,"""1,8192,32,128""",FLOAT,NCHW,N/A,0.0,0,0.0,0.0,0.0,0.0,0.0,0.0,0.0,0.0,0.0,0.0,0.0,40.993,2951474,8.083,0.197,1.83,0.045,0.001,0.0,36.328,0.886,0.016,0.000
0,4294967295,29,46,aclnnInplaceZero_ZerosLikeAiCore_ZerosLike,ZerosLike,dynamic,AI_VECTOR_CORE,1781079606266627.558	,64.940,0.000000,40,0,NO,"""1,8192,32,128""",FLOAT,NCHW,"""1,8192,32,128""",FLOAT,NCHW,N/A,0.0,0,0.0,0.0,0.0,0.0,0.0,0.0,0.0,0.0,0.0,0.0,0.0,61.423,4422428,8.074,0.131,2.492,0.041,0.001,0.0,60.017,0.977,0.0,0.000
0,4294967295,31,46,aclnnInplaceNormal_DSARandomNormal_DSARandomNormal,DSARandomNormal,dynamic,DSA_SQE,1781079606279374.930	,3169.804,12682.560000,0,0,NO,N/A,N/A,N/A,"""1,8192,32,128""",FLOAT,ND,N/A,N/A,N/A,N/A,N/A,N/A,N/A,N/A,N/A,N/A,N/A,N/A,N/A,N/A,N/A,N/A,N/A,N/A,N/A,N/A,N/A,N/A,N/A,N/A,N/A,N/A
0,4294967295,32,46,aclnnInplaceNormal_CastAiCore_Cast,Cast,dynamic,AI_VECTOR_CORE,1781079606282544.754	,269.568,0.000000,40,0,NO,"""1,8192,32,128""",FLOAT,ND,"""1,8192,32,128""",DT_BF16,ND,N/A,0.0,0,0.0,0.0,0.0,0.0,0.0,0.0,0.0,0.0,0.0,0.0,0.0,266.278,19171987,9.987,0.038,2.456,0.009,264.399,0.993,149.578,0.562,0.0,0.000
0,4294967295,33,46,aclnnInplaceZero_ZerosLikeAiCore_ZerosLike,ZerosLike,dynamic,AI_VECTOR_CORE,1781079606282814.342	,32.100,0.000000,40,0,NO,"""1,8192,32,128""",DT_BF16,NCHW,"""1,8192,32,128""",DT_BF16,NCHW,N/A,0.0,0,0.0,0.0,0.0,0.0,0.0,0.0,0.0,0.0,0.0,0.0,0.0,29.805,2145985,18.306,0.614,2.53,0.085,0.001,0.0,24.434,0.82,0.012,0.000
0,4294967295,34,46,aclnnInplaceZero_ZerosLikeAiCore_ZerosLike,ZerosLike,dynamic,AI_VECTOR_CORE,1781079606282846.462	,38.540,0.150000,40,0,NO,"""1,8192,32,128""",FLOAT,NCHW,"""1,8192,32,128""",FLOAT,NCHW,N/A,0.0,0,0.0,0.0,0.0,0.0,0.0,0.0,0.0,0.0,0.0,0.0,0.0,36.763,2646968,8.074,0.22,2.072,0.056,0.001,0.0,35.769,0.973,0.0,0.000
0,4294967295,35,46,aclnnInplaceZero_ZerosLikeAiCore_ZerosLike,ZerosLike,dynamic,AI_VECTOR_CORE,1781079606282885.042	,7.300,0.000000,40,0,NO,"""32,1,8192""",FLOAT,NCL,"""32,1,8192""",FLOAT,NCL,N/A,0.0,0,0.0,0.0,0.0,0.0,0.0,0.0,0.0,0.0,0.0,0.0,0.0,5.208,374978,0.084,0.016,0.172,0.033,0.001,0.0,1.794,0.345,0.136,0.000
0,4294967295,36,46,aclnnInplaceZero_ZerosLikeAiCore_ZerosLike,ZerosLike,dynamic,AI_VECTOR_CORE,1781079606282892.362	,47.280,0.000000,40,0,NO,"""32,1,8192,64""",FLOAT,NCHW,"""32,1,8192,64""",FLOAT,NCHW,N/A,0.0,0,0.0,0.0,0.0,0.0,0.0,0.0,0.0,0.0,0.0,0.0,0.0,44.903,3232986,4.043,0.09,1.423,0.032,0.001,0.0,43.895,0.978,0.0,0.000
0,4294967295,38,46,aclnnInplaceRandom_DSARandomUniform_DSARandomUniform,DSARandomUniform,dynamic,DSA_SQE,1781079606283802.018	,1.104,862.470000,0,0,NO,N/A,N/A,N/A,"""128,2""",FLOAT,ND,N/A,N/A,N/A,N/A,N/A,N/A,N/A,N/A,N/A,N/A,N/A,N/A,N/A,N/A,N/A,N/A,N/A,N/A,N/A,N/A,N/A,N/A,N/A,N/A,N/A,N/A
0,4294967295,39,46,aclnnInplaceRandom_CastAiCore_Cast,Cast,dynamic,AI_VECTOR_CORE,1781079606284120.666	,1.600,317.646000,1,0,NO,"""128,2""",FLOAT,ND,"""128,2""",INT64,ND,N/A,0.0,0,0.0,0.0,0.0,0.0,0.0,0.0,0.0,0.0,0.0,0.0,0.0,1.139,2051,0.027,0.023,0.284,0.249,0.422,0.37,0.162,0.142,0.167,0.000
0,4294967295,40,46,chunk_kda_bwd_kernel_wy_dqkg_fused_opt_v2,chunk_kda_bwd_kernel_wy_dqkg_fused_opt_v2,static,MIX_AIC,1781079606401852.198	,104311.384,117729.900000,4096,8192,YES,"""32,1,8192,128;1,8192,32,128;1,8192,32,128;32,1,8192,128;1,8192,32,128""",DT_BF16;DT_BF16;DT_BF16;DT_BF16;FLOAT,ND;ND;ND;ND;ND,N/A,N/A,N/A,0,103993.064,3740097873,586.41,0.006,7619.85,0.073,798.081,0.008,2744.142,0.026,2147.593,0.021,0.0,104086.877,7486943707,4598.194,0.044,87974.877,0.845,1975.392,0.019,1099.592,0.011,0.0,99.598
